folderId,seq,favoriteType,color,memo,display1,display2,x,y,lon,lat,key,createdAt,updatedAt
4049789,780218107,PLACE,2,,프릿지,서울 강동구 성안로 90 1층 102호 (성내동),529295,1119990,127.1325739,37.53138753,1317010384,2024-09-11 8:54:39,2024-09-11 8:54:39
4049789,776485736,PLACE,2,,브니엘상점,경기 화성시 동탄대로5길 15 그랑파사쥬 12BL 2층 2034호 (송동),523459,1018601,127.10565,37.16599703,1258363776,2024-09-04 14:25:29,2024-09-04 14:25:29
4049789,767874295,PLACE,2,,바르게비우고 바르게채우는가게,경기 김포시 초당로16번길 102-5 105호 (장기동),428002,1150106,126.6737032,37.63954795,1380167491,2024-08-19 18:43:58,2024-08-19 18:43:58
4049789,767728096,PLACE,2,,에프,경기 화성시 향남읍 상신하길로144번길 33-17 1층 (향남읍 상신리),477925,1001281,126.9006646,37.10357695,1640985676,2024-08-19 13:45:57,2024-08-19 13:45:57
4049789,766097775,PLACE,2,,늘미곡,전북특별자치도 전주시 완산구 선너머로 16 중화산동 광진아파트 상가2동 1층 1호 (중화산동2가),528690,644095,127.1269853,35.81601847,1502344872,2024-08-16 13:14:49,2024-08-16 13:14:49
4049789,736840117,PLACE,6,,손길상점,경기 구리시 아차산로 453 구리시여성행복센터 1층 (교문동),528460,1137680,127.1289049,37.59514605,2047020496,2024-06-24 16:03:17,2024-06-24 16:03:17
4049789,733556525,PLACE,6,제로웨이스트 지향 숙소,잣숲의향기 잇는집,경기 포천시 신북면 지동길 114-81 (신북면 금동리),525847,1232561,127.1176112,37.93709745,982192783,2024-06-18 10:28:24,2024-06-18 10:28:24
4049789,733490700,ADDRESS,2,경남지역자활 리본 옥포점 매장,경남 거제시 옥포로23길 5,옥포동 518-8,886206,391954,128.6900179,34.89528704,N33376609,2024-06-18 8:41:23,2024-06-18 8:41:23
4049789,733489720,PLACE,4,,냥이덕애,대구 북구 동암로38길 19-34 (구암동),854166,681702,128.5699943,35.94139185,783646033,2024-06-18 8:39:46,2024-06-18 8:39:46
4049789,731172303,PLACE,4,되살림 매장,살림꽃,전북 남원시 산내면 천왕봉로 806 (산내면 백일리),644962,534070,127.6384415,35.41774156,387986061,2024-06-13 17:32:42,2024-06-13 17:32:42
4049789,731171501,PLACE,4,독립책방 샵앤샵 제로웨이스트 매장,오후공책,경남 함양군 함양읍 한들로 67 1층 (함양읍 이은리),665183,560819,127.7283639,35.51366804,1932137287,2024-06-13 17:31:07,2024-06-13 17:31:07
4049789,685746531,PLACE,2,리피래 5월 시작,춘천시립도서관,강원 춘천시 우석로 100 (석사동),666071,1212352,127.7548893,37.86190575,17354768,2024-03-22 18:35:28,2024-03-22 18:35:28
4049789,673752354,PLACE,6,"비건 빵, 비건 크림치즈, 용기 보증금, 무포장",지구본,인천 연수구 송도과학로 56 송도테크노파크 BT센터 1층 105호 (송도동),425623,1078404,126.6640829,37.3811086,955789312,2024-02-29 9:07:31,2024-02-29 9:07:31
4049789,660787442,PLACE,6,,골목애서,서울 은평구 연서로35길 38 3층 (불광동),483484,1145692,126.9251645,37.62407032,923179551,2024-02-03 16:32:26,2024-02-03 16:32:26
4049789,652414358,PLACE,6,"느티나무 도서관 식당, 빈찬가게",제로쿡,경기 용인시 수지구 수풍로116번길 22 3층 (동천동),521280,1065215,127.0960508,37.33401116,267430984,2024-01-18 17:20:20,2024-01-18 17:20:20
4049789,651460980,PLACE,6,제로웨이스트 식당,사이,제주 서귀포시 성산읍 온평동로 20 (성산읍 온평리),476329,-24850,126.8982199,33.40398639,1908676437,2024-01-16 22:07:43,2024-01-16 22:07:43
4049789,641886717,PLACE,2,,돌고래상점,경기 화성시 봉담읍 진등2길 13 (봉담읍 수영리),488517,1033851,126.9482476,37.22099795,571752616,2023-12-28 21:52:20,2023-12-28 21:52:20
4049789,639392595,PLACE,6,,선유서가,서울 영등포구 양평로30가길 22 (양평동6가),475891,1123103,126.8908788,37.54263078,267773600,2023-12-23 14:21:24,2023-12-23 14:21:24
4049789,625023306,PLACE,6,,어피스오브,서울 마포구 와우산로 134 1층 (창전동),484162,1126105,126.9283066,37.55347862,53920662,2023-11-22 20:56:39,2023-11-22 20:56:39
4049789,618892440,PLACE,6,,지구돌봄 협동조합,경기 광명시 하안로288번길 8 (하안동),473804,1100692,126.8815604,37.46185208,1768009983,2023-11-10 0:10:06,2023-11-10 0:10:06
4049789,617039286,PLACE,6,,프로젝트숲,강원 영월군 무릉도원면 엄둔길 165 (무릉도원면 도원리),773300,1060615,128.2331695,37.31104449,1150302294,2023-11-06 13:40:05,2023-11-06 13:40:05
4049789,614600786,PLACE,2,농산물 무포장,진주텃밭협동조합 진양호점,"경남 진주시 진양호로44번길 6 1,2층 (평거동)",737845,465290,128.0442782,35.1669495,116465840,2023-11-01 17:03:16,2023-11-01 17:03:16
4049789,614387776,PLACE,2,,모레상점,서울 성동구 뚝섬로1나길 5 (성수동1가),510540,1123575,127.0477068,37.54437535,1302720233,2023-11-01 9:57:33,2023-11-01 9:57:33
4049789,612128002,PLACE,2,,과천 제로웨이스트샵 오아르,경기 과천시 통영로 5 2층 (중앙동),497798,1091158,126.9900521,37.42755263,222301851,2023-10-27 18:04:39,2023-10-27 18:04:39
4049789,606920743,ADDRESS,2,지구정거장,전북 고창군 고창읍 성산2길 22,읍내리 214-1,431435,538734,126.6979604,35.43586517,N375241390,2023-10-17 17:32:30,2024-02-05 23:55:18
4049789,606919986,ADDRESS,2,지구를부탁해,경남 김해시 진영읍 진영로 183-1,여래리 700-16,894085,505253,128.7331035,35.30311298,N35086194,2023-10-17 17:31:47,2023-10-17 17:31:47
4049789,606712496,PLACE,6,,순정책방,서울 강동구 동남로65길 15-5 (명일동),534244,1124459,127.1550038,37.54746648,1276224724,2023-10-17 10:25:29,2023-10-17 10:25:29
4049789,601038501,PLACE,6,재미샵(쓰레기 수거 및 리워드),교동 어울림센터,경기 수원시 팔달구 향교로 115 (교동),502862,1047983,127.0129074,37.27194372,1291386668,2023-10-06 14:03:12,2023-10-06 14:03:12
4049789,600349111,PLACE,2,,되돌림상회,경기 광명시 범안로 1056 1층 115호 (하안동),473514,1100855,126.8802494,37.46243822,1615224750,2023-10-05 10:47:28,2023-10-05 10:47:28
4049789,599823708,PLACE,6,,우리지구,서울 은평구 연서로 455 제각말5단지 541동 1층 상가102호 (진관동),484982,1148879,126.9319416,37.6355593,904110160,2023-10-04 13:07:24,2023-10-04 13:07:24
4049789,599221385,PLACE,7,숙소,나마스떼민박,경남 하동군 적량면 서촌길 39-1 (적량면 서리),673997,451652,127.7635174,35.11987675,1815121032,2023-10-03 10:50:37,2023-10-03 10:50:37
4049789,598396652,PLACE,2,,원스텝리사이클,인천 계양구 안산로 47-2 (임학동),441231,1123472,126.7340019,37.54371418,1802531283,2023-10-01 13:23:28,2023-10-01 13:23:28
4049789,593475318,PLACE,2,,용기내요,경북 경산시 박물관로7길 3-15 (사동),898201,647838,128.7624126,35.81665848,1078687966,2023-09-20 22:31:43,2023-09-20 22:31:43
4049789,589833161,PLACE,2,,선택지,서울 강동구 천호옛12길 47 1층 (성내동),528120,1120935,127.1272623,37.53479915,928455982,2023-09-13 23:03:37,2023-09-13 23:03:37
4049789,589236774,PLACE,2,,한걸음가게,광주 동구 충장로 45-2 (충장로4가),480269,459451,126.9133865,35.15036767,2020995191,2023-09-12 20:18:19,2023-09-12 20:18:19
4049789,583040737,PLACE,7,책방 내 리필스테이션,주책방,경남 창원시 성산구 창이대로719번길 17 (사파동),887674,482492,128.7032,35.2214875,495967182,2023-08-31 20:57:48,2023-08-31 20:57:48
4049789,578322328,PLACE,6,우리밀 빵집 겸 제웨샵,느긋한쌀빵,전남 구례군 구례읍 봉서산정길 61-8 (구례읍 봉서리),604152,473109,127.4574732,35.19877746,531468061,2023-08-22 15:42:11,2023-08-22 15:42:11
4049789,567898422,PLACE,6,,밋자인,서울 영등포구 당산로16길 17-1 1층 (당산동1가),477465,1117535,126.8980303,37.52257008,843687989,2023-08-02 19:39:41,2023-08-02 19:39:41
4049789,564617466,PLACE,6,,두더지짜이집,서울 마포구 방울내로6길 8 1층 (망원동),478280,1127662,126.9016702,37.55907266,2146829501,2023-07-27 16:08:24,2023-07-27 16:08:24
4049789,559831268,PLACE,6,,J-하트 제로웨이스트샵,경기 고양시 덕양구 지정로 110 위스테이지축 상가동 105호 (지축동),482786,1154064,126.9219725,37.65423773,1611291500,2023-07-18 12:25:46,2023-07-18 12:25:46
4049789,559831184,PLACE,6,카페,제로마켓,서울 은평구 통일로 684 서울혁신파크 (녹번동),485641,1141622,126.9349542,37.60940714,499992893,2023-07-18 12:25:36,2023-07-18 12:25:36
4049789,559830778,PLACE,2,,계양제로웨이스트,인천 계양구 계양대로205번길 11-3 (계산동),438565,1122937,126.7219389,37.54175736,999931519,2023-07-18 12:24:54,2023-07-18 12:24:54
4049789,559830683,PLACE,2,,제로웨이스트샵 둥근네모,부산 연제구 신금로 25 (연산동),976898,475904,129.0943739,35.19160395,453171948,2023-07-18 12:24:41,2023-07-18 12:24:41
4049789,559830590,PLACE,2,,ESD씨앗상점 제로웨이스트샵,경남 통영시 용남면 화삼리 202,831480,378595,128.4497678,34.850228,1613295853,2023-07-18 12:24:32,2023-07-18 12:24:32
4049789,559830520,PLACE,2,,프롬미,경기 김포시 김포한강9로115번길 56 1층 101호 (구래동),416789,1152425,126.6228443,37.64775381,986489768,2023-07-18 12:24:23,2023-07-18 12:24:23
4049789,559830415,PLACE,2,,비모크 제로웨이스트샵,부산 강서구 명지국제8로10번길 46 1층 120호 (명지동),933693,448085,128.9023953,35.09449109,377413262,2023-07-18 12:24:12,2023-07-18 12:24:12
4049789,559830339,PLACE,2,,ARTINSIGHT제로웨이스트샵,서울 영등포구 당산로16길 17-1 (당산동1가),477464,1117536,126.8980292,37.52257548,1346722781,2023-07-18 12:24:03,2023-07-18 12:24:03
4049789,559830255,PLACE,2,,제로웨이스트샵 아양로99,대구 동구 아양로 99 동관 1층 (신암동),866803,666061,128.62484,35.88428243,207654639,2023-07-18 12:23:51,2023-07-18 12:23:51
4049789,559830086,PLACE,2,,해달별 제로웨이스트 샵,서울 강남구 자곡로 191 강남 푸르지오시티1차 지하1 06호 (자곡동),522902,1104273,127.1035666,37.47477303,729873244,2023-07-18 12:23:31,2023-11-07 21:15:29
4049789,559829999,PLACE,2,,제로웨이스트샵 1도씨,경기 평택시 고덕국제3길 123 (고덕동),510572,986763,127.0475437,37.05128387,2070906141,2023-07-18 12:23:20,2023-07-18 12:23:20
4049789,559829882,PLACE,2,,제로웨이스트샵 푸른사이,충남 천안시 서북구 늘푸른3길 37 (두정동),529222,924475,127.1310231,36.82671061,1487666487,2023-07-18 12:23:05,2023-07-18 12:23:05
4049789,559829787,PLACE,2,,제로 웨이스트샵 후후,충남 아산시 도고면 아산만로 171 2층 (도고면 신언리),470507,905611,126.8678831,36.7587159,1848637262,2023-07-18 12:22:53,2023-07-18 12:22:53
4049789,559829578,PLACE,2,,지구로운 제로웨이스트샵,충남 보령시 명천로4길 21 1동 105호 (명천동),412150,788250,126.6086027,36.33510748,857741793,2023-07-18 12:22:28,2023-07-18 12:22:28
4049789,554590481,PLACE,2,,빛나는 숲솝샵,부산 해운대구 우동2로 66 1층 (우동),991220,469929,129.1566632,35.16897207,1416606475,2023-07-07 17:40:25,2024-09-08 11:49:10
4049789,554590006,PLACE,2,,퍼스트페이지,서울 송파구 토성로 38-6 한강극동아파트 상가동 111호 (풍납동),525203,1119450,127.1140539,37.5294607,23961587,2023-07-07 17:39:28,2023-07-07 17:39:28
4049789,554589879,PLACE,2,,나아지구,서울 중구 마른내로 120 서제빌딩 101호 (오장동),500282,1129133,127.001279,37.56441416,659962748,2023-07-07 17:39:11,2023-07-07 17:39:11
4049789,554589696,PLACE,2,샵앤샵,적량다온,경남 하동군 적량면 대티길 44-22 문화복지센터 1층 (적량면 관리),677223,441137,127.7773133,35.08187779,1116458043,2023-07-07 17:38:47,2023-07-07 17:38:47
4049789,554554847,ADDRESS,2,열두광주리 제로웨이스트 가게,경북 안동시 밤적골길 20,율세동 420-2 외 3건,888081,856261,128.7341252,36.56829283,N35250268,2023-07-07 16:24:43,2023-07-07 16:24:43
4049789,553999863,PLACE,2,,홍시생활,경북 청도군 화양읍 도주관로 152 (화양읍 서상리),886230,601013,128.7058459,35.64868925,1541044276,2023-07-06 15:45:12,2023-07-06 15:45:12
4049789,553999351,PLACE,2,,에코올리베또,부산 서구 구덕로280번길 43-1 1층 (동대신동1가),960562,452900,129.0206234,35.10993445,785561071,2023-07-06 15:43:59,2023-07-06 15:43:59
4049789,545319571,PLACE,6,플로깅 장소 캠페인,보해소주 플로깅 센터,전남 목포시 해안로 217-1 (항동),359490,358503,126.3859313,34.78487912,817042370,2023-06-19 10:57:30,2023-06-19 10:57:30
4049789,541940295,PLACE,2,,노노샵,서울 용산구 보광로 90 태광빌딩 2층 202호 (이태원동),499076,1119883,126.9958196,37.53107894,1821435324,2023-06-12 14:11:00,2023-06-12 14:11:00
4049789,537273299,PLACE,6,쓰레기 줄이려 노력하는 숙소,대동호텔,제주 제주시 관덕로15길 6 (일도일동),390134,5836,126.5269913,33.51379235,8303171,2023-06-02 21:53:00,2023-06-02 21:53:00
4049789,532408820,PLACE,2,,마을가게 모두의숲,전북 순창군 동계면 동계로 43 (동계면 현포리),554971,539834,127.2421712,35.43996795,2006787267,2023-05-23 21:00:55,2023-05-23 21:00:55
4049789,516155318,PLACE,2,서점&제로웨이스트 샵,기빙트리,경남 양산시 물금읍 화산길 28-1 1층 (물금읍 물금리),951096,508250,128.9839621,35.31006006,1826618875,2023-04-19 20:47:26,2023-04-19 20:47:26
4049789,507541576,PLACE,6,제로웨이스트 카페 샵앤샵,카페서로,서울 마포구 만리재로 96 (공덕동),491130,1124798,126.9598519,37.54878404,276316257,2023-04-07 21:53:49,2023-04-07 21:53:49
4049789,504781020,PLACE,2,식품 제로웨이스트 숍,리스토어,서울 종로구 옥인길 17 (누하동),492827,1133615,126.9675197,37.58056184,1884775188,2023-04-02 9:16:18,2023-04-02 9:16:18
4049789,499636778,PLACE,2,,블로엔,대구 동구 도평로 56-2 (지저동),871695,672719,128.6469982,35.90798041,799773319,2023-03-22 15:19:06,2023-03-22 15:19:06
4049789,495401807,ADDRESS,2,"B1,06호 해달별 제로유ㅔ이스트숍",서울 강남구 자곡로 191,자곡동 600 외 1건,522904,1104300,127.1035756,37.47487015,N30198819,2023-03-13 23:44:14,2023-03-13 23:44:14
4049789,494360480,PLACE,2,제로웨이스트 숍,바오로가게,광주 서구 상무대로 980 (쌍촌동),470041,459427,126.8684903,35.15024253,665503283,2023-03-11 13:14:00,2023-03-11 13:14:00
4049789,486706208,PLACE,2,,제비마트,전북 전주시 완산구 서학3길 84 1층 (동서학동),534315,642218,127.1518693,35.80922564,759494649,2023-02-23 21:51:18,2024-01-29 11:37:39
4049789,484366375,PLACE,2,,뭉몽만남,광주 동구 경양로 374 (산수동),484044,460486,126.9299536,35.15411001,128610202,2023-02-19 9:06:36,2023-02-19 9:06:36
4049789,477031067,PLACE,2,,베러얼스 제로웨이스트샵 1유로프로젝트점,서울 성동구 송정18길 1-1 201호 (송정동),515021,1126006,127.0679992,37.55312401,494798853,2023-02-04 8:46:51,2023-02-04 8:46:51
4049789,476413442,PLACE,2,센터 내 제로웨이스트 가게,업사이클에코센터,인천 미추홀구 매소홀로290번길 7 (학익동),423752,1095629,126.6553473,37.44316161,27164284,2023-02-03 0:37:28,2023-02-03 0:37:28
4049789,473220058,PLACE,2,세종아띠,선물의 집,세종 갈매로 353,558783,832678,127.2624351,36.49560865,618503497,2023-01-27 15:00:23,2023-01-27 15:00:23
4049789,473208969,PLACE,7,리퍼브 샵,반품마트,세종 나성로 96,558468,830533,127.2610029,36.48787986,533685946,2023-01-27 14:34:23,2023-01-27 14:34:23
4049789,472694026,PLACE,2,,네모로사,부산 서구 대영로85번길 55 2층 (동대신동2가),960212,453832,129.0191727,35.11331822,563047843,2023-01-26 14:06:43,2023-01-26 14:06:43
4049789,467157777,PLACE,6,,히즈빈스 명동점,서울 중구 명동길 73 1층 101호 (명동1가),496959,1129132,126.9862342,37.56441066,1506487606,2023-01-13 23:08:15,2023-01-13 23:08:15
4049789,464877632,PLACE,6,제로웨이스트 카페,그리다부부,부산 중구 광복중앙로 35-1 1층 (대청동2가),962902,450904,129.0307033,35.10257097,68040813,2023-01-09 16:25:29,2023-01-09 16:25:29
4049789,459396043,PLACE,6,,베러띵스,경기 수원시 권선구 매실로53번길 10-17 1층 (호매실동),490381,1047055,126.9566223,37.26859001,1176986545,2022-12-28 16:25:46,2022-12-28 16:25:46
4049789,454604011,PLACE,2,,밭매기,경북 경주시 포석로 1061-4 (사정동),999079,655263,129.2093668,35.8360322,737234172,2022-12-17 13:10:36,2022-12-17 13:10:36
4049789,448354937,ADDRESS,2,,틈새숲을(경북 경주시 진현로2길 39),진현동 651-32,1025706,641758,129.3257341,35.78516423,N29626822,2022-12-02 21:53:06,2022-12-02 21:53:06
4049789,445091380,ADDRESS,2,러스틱실레,강원 춘천시 신동면 풍류길 31,증리 1043-132,657448,1199721,127.7152586,37.81663434,N359776740,2022-11-25 8:45:26,2023-06-22 16:56:29
4049789,445090995,ADDRESS,2,사과나무(에너지 제로웨이스트 카페),강원 춘천시 동내면 공지로 70-61,거두리 933-2,665422,1210379,127.7518712,37.85481842,N360040988,2022-11-25 8:44:37,2023-06-22 16:58:05
4049789,435605299,PLACE,2,에너지 카페 및 제로웨이스트 샵,사과나무(예전 쿱박스),강원 춘천시 동내면 공지로 70-61 1층 (동내면 거두리),665423,1210380,127.7518718,37.85481851,1814519289,2022-11-04 8:41:21,2022-11-04 8:41:21
4049789,435262908,PLACE,7,,탄소영협동조합,충남 공주시 먹자1길 14 (중동),527667,821530,127.1234553,36.45564881,122360530,2022-11-03 14:24:43,2022-11-03 14:24:43
4049789,429066586,PLACE,7,,지구공감,서울 동작구 상도로61길 54 2층 (상도동),490662,1109772,126.9577641,37.49463035,63242576,2022-10-21 11:06:12,2022-10-21 11:06:12
4049789,429066482,PLACE,7,,탄탄제로,서울 동작구 사당로16다길 56 (사당동),493389,1106633,126.9701024,37.48332196,1455976268,2022-10-21 11:05:59,2022-10-21 11:05:59
4049789,417344528,PLACE,7,제로웨이스트 숙소,낙토,인천 강화군 선원면 연동로99번길 43 (선원면 연리),391496,1167599,126.5078455,37.70201543,2083253969,2022-09-27 12:57:52,2022-09-27 12:57:52
4049789,412276403,PLACE,2,,제로스토리,인천 연수구 송도미래로 30 D동 2310-3호 (송도동),421983,1074589,126.6477088,37.36731047,34718695,2022-09-16 21:52:23,2022-09-16 21:52:23
4049789,412276266,PLACE,2,,얼스 호텔,인천 부평구 부평문화로 161 2층 (부개동),441280,1109665,126.7343968,37.4939519,1011735847,2022-09-16 21:51:53,2022-09-16 21:51:53
4049789,410892152,ADDRESS,2,"광명 제웨샵, 광명YMCA, 경기 광명시 하안로288번길 12",지구돌봄,하안동 110-5,474094,1100620,,,N31591285,2022-09-14 9:40:08,2022-09-14 9:40:08
4049789,407136288,PLACE,2,"탄소를 감소시키는 상회, 제웨샵",감탄상회,서울 동작구 양녕로29길 16 에비뉴빌 101호 (상도동),487437,1111080,126.9431741,37.4993392,15073810,2022-09-05 16:43:53,2022-09-05 16:43:53
4049789,406709551,PLACE,2,곡물 리필 가능,한살림 속초매장(일부),강원 속초시 동해대로 4070 1층 (조양동),848072,1305678,128.5892216,38.1898877,18620270,2022-09-04 18:20:57,2022-09-04 18:20:57
4049789,401574845,PLACE,2,,지구공방,경북 포항시 남구 정몽주로861번길 9-5 (청림동),1042375,699438,129.4056996,35.9914659,1083834804,2022-08-25 12:05:48,2022-08-25 12:05:48
4049789,401574547,PLACE,2,,은영상점,대전 유성구 대학로 195-1 2층 (어은동),579642,795435,127.3549487,36.36112109,1989389337,2022-08-25 12:05:06,2022-08-25 12:05:06
4049789,401574382,PLACE,2,,협동플랫폼카페이웃,서울 서대문구 가좌로 77 (홍은동),484130,1133460,126.928134,37.57998581,1047204871,2022-08-25 12:04:47,2022-08-25 12:04:47
4049789,400111354,PLACE,4,,우미상점,경기 화성시 향남읍 행정죽전로1길 22-3 102호 (향남읍 행정리),482454,1007315,126.9210221,37.12534036,2014650589,2022-08-22 17:08:14,2022-08-22 17:08:14
4049789,400111200,PLACE,4,,바람가게,경기 부천시 지봉로 122-1 지하1층 (역곡동),458588,1108146,126.8126989,37.48863018,1662571940,2022-08-22 17:07:52,2022-08-22 17:07:52
4049789,400111049,PLACE,4,,제로웨이스트샵 도토리상점,경기 고양시 일산서구 호수로856번길 37-7 1층 (대화동),444515,1159138,126.7484322,37.67228426,1838998819,2022-08-22 17:07:32,2022-08-22 17:07:32
4049789,400110870,PLACE,4,,살림가게,경기 의정부시 신흥로258번길 15 2층 (의정부동),509748,1177636,127.0442385,37.73920916,614343236,2022-08-22 17:07:10,2022-08-22 17:07:10
4049789,400110603,PLACE,4,,송정마을카페이공,광주 광산구 송도로 257-1 (송정동),454023,455656,126.7982056,35.13654795,1804540896,2022-08-22 17:06:36,2022-08-22 17:06:36
4049789,400110249,PLACE,4,,일리크(언오더너리띵스),서울 성북구 보문로30나길 8-1 1층 (동선동2가),504499,1136186,127.020376,37.58983036,1198938407,2022-08-22 17:05:51,2022-08-22 17:05:51
4049789,400109926,PLACE,4,,제로웨이스트샵 플래닛어스,인천 연수구 인천타워대로 257 C동 1층 120호 (송도동),418818,1081946,126.6332892,37.39378185,1996688012,2022-08-22 17:05:10,2022-08-22 17:05:10
4049789,400109731,PLACE,4,재활용 센터 내 제웨샵,계양구 재활용센터,인천 계양구 계양대로205번길 11-3 1층 (계산동),438564,1122908,126.7219382,37.54165374,17020175,2022-08-22 17:04:46,2022-08-22 17:04:46
4049789,398564310,PLACE,4,,아키스페이스 내일상점,부산 동구 홍곡로58번길 5 2층 202호 (수정동),965255,457035,129.041571,35.12448871,1619756953,2022-08-19 11:48:00,2024-09-08 11:49:56
4049789,398533765,PLACE,4,샵앤샵 에코상점,한사랑마을교육공동체사회적협동조합,경기 포천시 소흘읍 호국로 404 라동 104호 (소흘읍 이동교리),529452,1197016,127.1337818,37.80898154,1169505019,2022-08-19 10:44:45,2022-08-19 10:44:45
4049789,398533533,PLACE,4,,퀸비스토어,강원 원주시 황소마을길 7 (명륜동),709337,1065151,127.9448073,37.33004883,39003614,2022-08-19 10:44:10,2022-08-19 10:44:10
4049789,398518216,PLACE,4,,꼭꼭가게,충남 천안시 서북구 불당23로 73-27 133호 (불당동),524465,922720,127.1096832,36.82040643,135732395,2022-08-19 10:13:14,2022-08-19 10:13:14
4049789,398518053,PLACE,4,,제로웨이스트샵 예쓰,대구 수성구 달구벌대로627길 6-11 1층 (매호동),884406,654651,128.7019046,35.84208653,1637069783,2022-08-19 10:12:53,2022-08-19 10:12:53
4049789,398517324,PLACE,4,,그리니지구,경남 창원시 진해구 동진로143번길 7-1 (덕산동),888234,461180,128.7040561,35.14464995,1386987502,2022-08-19 10:11:18,2022-08-19 10:11:18
4049789,398516884,PLACE,4,,은빛날개,경북 김천시 구읍길 150 1층 (교동),746616,735720,128.0960203,36.14137438,22142446,2022-08-19 10:10:22,2022-08-19 10:10:22
4049789,398516519,PLACE,4,,꽃따러가게,경기 의정부시 오목로 196 1층 1-065호 (민락동),521853,1178992,127.0991776,37.74405989,463258576,2022-08-19 10:09:38,2022-08-19 10:09:38
4049789,398516329,PLACE,4,,노플라스틱카페,전남 순천시 중앙3길 3 (장천동),610846,404167,127.4854006,34.95010213,759634122,2022-08-19 10:09:17,2022-08-19 10:09:17
4049789,398515914,PLACE,4,도서관 & 제웨샵,천왕산 책쉼터,서울 구로구 연동로12길 150 (항동),462598,1105349,126.8308595,37.4785762,1314154303,2022-08-19 10:08:24,2022-08-19 10:08:24
4049789,398515623,PLACE,4,,더마실카페 협동조합,서울 광진구 긴고랑로 41 (중곡동),517872,1128751,127.0809135,37.56301152,740834604,2022-08-19 10:07:49,2022-08-19 10:07:49
4049789,398515189,PLACE,4,,산제로상점,경기 부천시 성주로34번길 40 나동 (송내동),447402,1105613,126.762134,37.47940749,1684328152,2022-08-19 10:07:02,2022-08-19 10:07:02
4049789,398514620,PLACE,4,,네모지구,경기 시흥시 능곡번영길 30 5층 505호 (능곡동),457177,1075292,126.806622,37.37020982,767077004,2022-08-19 10:05:54,2022-08-19 10:05:54
4049789,398514247,PLACE,4,,같이내일,충남 태안군 태안읍 샘골로 64-2 (태안읍 동문리),344573,905010,126.3037794,36.75458521,277035374,2022-08-19 10:05:13,2024-08-08 21:14:50
4049789,398514020,PLACE,4,,마플상회,부산 북구 산성로 37-1 2층 (화명동),959121,489091,129.0175264,35.24044453,1413335235,2022-08-19 10:04:44,2022-08-19 10:04:44
4049789,398513515,PLACE,4,,베네인,대구 중구 동성로4길 101 1층 (공평동),861137,661768,128.5994356,35.86914818,26481613,2022-08-19 10:03:41,2022-08-19 10:03:41
4049789,398500102,PLACE,4,밀양 제웨샵,가치쓰제이,경남 밀양시 삼문송림길 5-7 1층 (삼문동),898423,556581,128.7561775,35.48780599,1260600741,2022-08-19 9:39:53,2022-08-19 9:39:53
4049789,398499688,PLACE,4,,안녕 지구야 상점,경남 김해시 대청로26번안길 17-1 102호 (관동동),910411,470203,128.802072,35.17575884,911140508,2022-08-19 9:39:08,2022-08-19 9:39:08
4049789,398495309,PLACE,4,,제로에이블,"경기 안양시 동안구 동편로27번길 7 센타빌딩 105,106호 (관양동)",493827,1085377,126.972114,37.4067128,1569035240,2022-08-19 9:32:14,2022-08-19 9:47:29
4049789,398493470,PLACE,4,,알맹상점,서울 마포구 월드컵로25길 47 한흥빌딩 3층 (망원동),479045,1127315,126.9051351,37.55782311,1771847437,2022-08-19 9:29:02,2022-08-19 9:36:03
4049789,398239019,PLACE,4,,도너리,서울 금천구 시흥대로40길 25 (시흥동),478996,1096762,126.9050539,37.44771117,113638689,2022-08-18 19:31:18,2022-08-19 9:49:33
4049789,392979072,PLACE,6,,디앤디파트먼트 제주,"제주 제주시 탑동로2길 3 1, 2층 (삼도이동)",389255,6930,126.5231886,33.51772313,1566172485,2022-08-08 17:00:05,2022-08-08 17:00:05
4049789,392127054,PLACE,2,,천연제작소,경남 양산시 물금읍 백호2길 28-6 1층 (물금읍),954058,510821,,,787294651,2022-08-06 20:13:44,2022-08-06 20:13:44
4049789,392125411,PLACE,2,,용기없는상점,울산 북구 동대8길 40 (호계동),1033080,599192,,,183677641,2022-08-06 20:09:05,2022-08-06 20:09:05
4049789,392112436,PLACE,4,플라스틱 재활용 금형 체험 가능,소중한모든것,인천 미추홀구 한나루로458번길 10 1층 (학익동),426652,1096855,126.6684361,37.44761761,1929283431,2022-08-06 19:31:23,2024-08-19 18:16:13
4049789,392008358,PLACE,2,,지구샵 연남점,서울 마포구 성미산로 155 1층 (연남동),483108,1129179,126.9235229,37.56455608,595025110,2022-08-06 15:19:16,2023-11-07 21:11:38
4049789,390979395,PLACE,2,와인 리필,보틀벙커 롯데마트 제타플렉스점,서울 송파구 올림픽로 240 롯데마트 제타플렉스점 1층 보틀벙커 (잠실동),521255,1114467,127.0961636,37.51151964,530450914,2022-08-04 16:07:38,2023-11-07 21:15:22
4049789,384230180,PLACE,6,,온사이드,충북 청주시 흥덕구 가경로 140 상가동 206호 (가경동),597875,869402,127.4377027,36.62747026,27734921,2022-07-22 15:17:29,2022-07-22 15:17:29
4049789,378661581,PLACE,6,,요일(용기내 보증금제 있는 그릭 요거트 카페),충남 천안시 동남구 터미널6길 12 대림한숲 3차 상가 1층 (신부동),535710,922796,127.160098,36.82062408,232516805,2022-07-11 15:35:26,2022-07-11 15:35:26
4049789,351467136,PLACE,6,"우유 요거트 카페, 제로웨이스트 아이템",우윳집,경북 경산시 자인면 금학로 8-8 1층 (자인면 서부리),911947,649018,128.8233193,35.82000396,152669793,2022-05-13 16:36:47,2022-05-13 16:36:47
4049789,351153093,ADDRESS,2,카페 겸 제로웨이스트 상점,영한상점(전북 장수군 장수읍 방촌길 10),장수리 157-3 외 1건,617629,597478,127.5195424,35.64690947,N375193860,2022-05-12 23:50:54,2024-02-06 0:00:43
4049789,350652381,PLACE,6,,지구불시착,서울 노원구 화랑로 464 공동기숙사 1층 (공릉동),517406,1144150,127.0788623,37.61850771,1897900317,2022-05-11 22:33:51,2022-05-11 22:33:51
4049789,350652322,PLACE,6,,낫어글리,경기 고양시 덕양구 권율대로 685 SIB타워 045호 (원흥동),472217,1153232,126.8740703,37.65120055,884349783,2022-05-11 22:33:43,2022-05-11 22:33:43
4049789,350652108,PLACE,6,,카페 쓸,서울 은평구 녹번동 7 서울 혁신파크 내 카페 쓸,485286,1141063,126.9333455,37.60739073,49416583,2022-05-11 22:33:09,2022-05-11 22:33:09
4049789,350651590,PLACE,6,,미호동넷제로공판장,대전 대덕구 대청로 515 (미호동),604941,824765,127.4683319,36.46645483,761352179,2022-05-11 22:31:43,2022-05-11 22:31:43
4049789,350651516,PLACE,2,,제로웨이스트쑥,부산 수영구 수미로 80-1 1층 (수영동),982697,470849,129.1193526,35.1729471,1055453540,2022-05-11 22:31:28,2024-09-08 11:47:08
4049789,350651452,PLACE,2,,제로웨이스트샵 비움,경남 창원시 마산회원구 내서읍 상곡로 45 주공상가 2층 (내서읍 상곡리),841459,487939,128.5005887,35.2438073,1327306821,2022-05-11 22:31:17,2023-04-24 17:17:18
4049789,350651334,PLACE,2,,제로웨이스트 태안점,충남 태안군 태안읍 군청7길 22 성암빌딩 1층 (태안읍 남문리),344260,902925,126.3024454,36.74706221,1581438054,2022-05-11 22:30:53,2022-05-11 22:30:53
4049789,350651225,PLACE,2,,이지구 제로웨이스트샵,경기 수원시 권선구 금곡로73번길 33 엘지빌리지종합상가 3층 (금곡동),485963,1048630,126.9366959,37.27425759,1262839166,2022-05-11 22:30:33,2022-05-11 22:30:33
4049789,350651177,PLACE,2,,살구 제로웨이스트샵,경기 파주시 숲속노을로 60 상가동 1층 1호 (동패동),438243,1169324,126.7198571,37.70892915,1292089545,2022-05-11 22:30:24,2022-05-11 22:30:24
4049789,350651081,PLACE,2,,귤현동제로웨이스트샾,인천 계양구 형제봉길 69 (귤현동),444730,1130320,126.7497531,37.56842597,152954236,2022-05-11 22:30:06,2022-05-11 22:30:06
4049789,348069167,PLACE,4,,일상공감,서울 성북구 삼양로 27 1층 (길음동),505292,1140552,127.0239749,37.60556639,1731846574,2022-05-06 11:00:58,2022-08-19 9:59:19
4049789,341439184,PLACE,2,,햇빛상점,서울 은평구 연서로 16 상가 1층 (역촌동),481528,1139155,126.9163315,37.60050264,1642995638,2022-04-21 23:03:53,2023-08-20 13:43:49
4049789,341106739,PLACE,4,,맹꽁이 상점,경기 시흥시 하중로173번길 22 101호 (하중동),456710,1082210,126.8044473,37.39513935,1021118736,2022-04-21 8:39:56,2022-08-19 9:54:32
4049789,340344709,PLACE,2,대구파티마병원 내 제로웨이스트 가게,아양로99,대구 동구 아양로 99 (신암동),866702,666089,128.6243915,35.88438852,7817004,2022-04-19 14:13:08,2022-04-19 14:13:08
4049789,337471989,PLACE,6,,지미프로젝트,서울 송파구 오금로36길 66 씨제이빌딩 동관 2층 (가락동),526875,1110925,127.1215693,37.49872899,1088577118,2022-04-12 23:24:12,2023-01-31 12:39:05
4049789,336331296,PLACE,6,카페 냄 제웨 용품들 판매,카페샘,경기 파주시 금정4길 37 (금촌동),451149,1182712,126.7782577,37.75729942,1290522378,2022-04-10 8:56:35,2022-04-10 8:56:35
4049789,336330860,PLACE,2,완주 제웨샵 @man_keum,만큼,전북 완주군 봉동읍 낙평신월2길 27-3 (봉동읍 낙평리),536539,674853,127.1619513,35.92685928,1862401157,2022-04-10 8:54:21,2022-04-10 8:54:21
4049789,336035613,PLACE,4,제로웨이스트 용품도 판매해요,서로일상 / 제로웨이스트 꽃 식물,대구 동구 동호로 40-1 (동호동),888787,661034,128.7217893,35.86481077,934474914,2022-04-09 11:59:32,2022-08-19 9:58:32
4049789,328602074,ADDRESS,2,경북 문경시 마성면 봉생1길 13,해달별살롱 (제웨샵),신현리 518-1,750142,880182,128.1191339,36.66187191,N31461325,2022-03-23 9:18:29,2022-04-08 12:15:26
4049789,325875092,PLACE,2,카페와 제로웨이스트 숍,자원순환 환장,서울 강북구 인수봉로23길 37 3층 (수유동),502394,1146653,127.0108502,37.62755515,645545733,2022-03-16 15:02:45,2022-03-16 15:02:45
4049789,324596619,PLACE,2,,번지구,경남 창원시 진해구 냉천로 122 1층 (자은동),889530,463848,,,573497641,2022-03-13 15:56:05,2022-03-13 15:56:05
4049789,324596562,PLACE,2,"제로웨이스트 샵앤샵, 자원회수",땅파는까망돼지,경북 봉화군 봉화읍 내성로4길 25-1 (봉화읍),887980,945570,,,27261767,2022-03-13 15:55:52,2022-03-13 15:55:52
4049789,324596276,PLACE,2,,머머상점,경북 구미시 상모로8길 5-3 (상모동),805284,722035,,,1710392244,2022-03-13 15:54:56,2022-03-13 15:54:56
4049789,323677258,PLACE,2,빈둥빈둥 공간에서 제로웨리스트 샵앤샵,소소,대구 남구 대명복개로3길 5-1 1층 (대명동),852612,653512,128.5611108,35.83989466,480704640,2022-03-11 9:02:33,2022-03-11 9:02:33
4049789,321818275,ADDRESS,2,삽척 최초 제로웨이스트 가게,강원 삼척시 청석로 83-19 용기상점,교동 739-9,981827,1102565,129.1779582,37.44858837,N359895999,2022-03-06 19:00:25,2023-06-22 17:06:24
4049789,321817021,PLACE,2,비누공방 겸 제로웨이스트 물품 판매,지니솝,강원 동해시 대동로 118-1 (구미동),970379,1111734,129.1271765,37.48255249,520127408,2022-03-06 18:56:01,2022-03-06 18:56:01
4049789,313868356,PLACE,4,,나블,경기 고양시 덕양구 동송로 33 이편한세상시티삼송 1차 상가 2층 82호 (동산동),477270,1152633,126.8969749,37.64906402,1836523586,2022-02-15 19:49:04,2023-11-07 21:10:41
4049789,308543523,PLACE,2,단독 주택으로 된 망원동 골목의 가게,로프트394 망원기린,서울 마포구 동교로 23-12 (망원동),478967,1125855,,,490349391,2022-02-03 14:38:54,2022-02-03 14:38:54
4049789,307122019,PLACE,4,병뚜껑 재활용 물건 만들기 워크샵이 가능해요,더쓸모플라스틱공방,대구 북구 경대로5길 16 (대현동),863886,666152,128.6119264,35.88478358,45814961,2022-01-30 10:41:27,2022-08-19 9:45:36
4049789,307121415,PLACE,4,,리필위드유,경기 군포시 번영로 502 산본역사상가 (금정동),485252,1071755,126.9334124,37.35760144,728482198,2022-01-30 10:39:48,2022-08-19 9:50:42
4049789,301055907,PLACE,2,,굿바이마켓,서울 용산구 서빙고로 17 용산해링턴스퀘어 판매시설 1층 89호 (한강로3가),492872,1118405,126.9677471,37.52574518,955713342,2022-01-17 21:06:47,2023-11-07 21:13:23
4049789,296676076,PLACE,2,,자연상점,서울 은평구 통일로 684 서울혁신파크 미래청 1층 (녹번동),485642,1141622,,,1988691002,2022-01-07 12:02:47,2022-01-07 12:02:47
4049789,294689465,PLACE,4,,지윤상점,경남 김해시 율하2로126번길 6-5 1층 102호 (율하동),913305,468267,128.8146174,35.16858986,168762428,2022-01-02 21:54:33,2022-08-19 9:47:48
4049789,293187946,PLACE,2,,키퍼스마켓,서울 강남구 언주로30길 21 아카데미스위트 1층 상가 B동 105호 키퍼스마켓 (도곡동),511513,1108149,,,1726783873,2021-12-29 11:35:28,2021-12-29 11:35:28
4049789,291521044,PLACE,2,,카페아르모니,경기 김포시 김포대로 841 (사우동),438208,1144518,,,943694789,2021-12-24 11:49:20,2021-12-24 11:49:20
4049789,286258196,PLACE,4,,자주적관람,전북 군산시 구영5길 21-4 (월명동),434102,691245,126.7077071,35.985705,1444019536,2021-12-09 21:45:51,2023-11-09 17:02:18
4049789,285662818,PLACE,2,,"포어스 (For Earth, Us)",대전 대덕구 계족로564번길 5 1층(하나로클리닉 별관2) (중리동),596887,795778,,,276640761,2021-12-08 11:20:48,2021-12-08 11:20:48
4049789,283216904,PLACE,6,,차차,경기 고양시 일산서구 킨텍스로 240 GIFC몰 B1 140호 (대화동),445099,1157354,126.7510993,37.66585784,601916801,2021-12-01 20:06:38,2022-08-19 9:36:44
4049789,283204142,PLACE,2,,가벼운오늘,인천 부평구 장제로257번길 27 102호 (갈산동),440245,1113745,,,623392232,2021-12-01 19:22:05,2021-12-01 19:22:05
4049789,283195824,PLACE,2,,미오솜,경기 안양시 동안구 평촌대로99번길 24 (호계동),491088,1078190,,,1624167112,2021-12-01 18:57:17,2021-12-01 18:57:17
4049789,283184097,PLACE,2,,"그냥,거기",경북 포항시 남구 연일읍 원서길 144 (연일읍 택전리),1025546,697975,,,580447189,2021-12-01 18:18:13,2021-12-01 18:18:13
4049789,283182285,PLACE,4,,도돌이상점,경기 시흥시 은계호수로 49 2층 2046호 (은행동),456209,1096288,126.8020506,37.44587342,613329495,2021-12-01 18:12:33,2022-08-19 9:50:13
4049789,282907285,PLACE,2,,어스시즌,경북 포항시 북구 대신로35번길 16 1층 (대신동),1033062,714822,,,1938724645,2021-12-01 1:38:19,2021-12-01 1:38:19
4049789,282906798,PLACE,2,@singleroom_official_,싱글룸,충북 청주시 상당구 중고개로141번길 14-2 1층 (용암동),615492,866726,,,1010659662,2021-12-01 1:34:54,2021-12-01 1:34:54
4049789,282905728,PLACE,6,책방 내 제로 웨이스트 샵앤샵,칠성조선소 북살롱,강원 속초시 중앙로46번길 45 (교동),846786,1308073,,,945954282,2021-12-01 1:27:21,2021-12-01 1:27:21
4049789,282905579,PLACE,2,@sokcho_zero,제로 작업실 202호,강원 속초시 번영로23번길 2 (교동),846242,1309329,,,1563575310,2021-12-01 1:26:23,2021-12-01 1:26:23
4049789,282904958,PLACE,2,병뚜껑 재활용 수제천연물감도 생산해요!,어몽트리 그림공간,서울 서초구 방배천로6길 33-1 2층 202호 (방배동),496534,1105543,,,200286265,2021-12-01 1:22:08,2021-12-01 1:22:08
4049789,282904592,PLACE,2,,푸른별상점,충남 천안시 동남구 청수10길 46 1층 (삼룡동),536689,912255,,,798194992,2021-12-01 1:19:54,2021-12-01 1:19:54
4049789,282894424,PLACE,2,,불편한가게,충북 청주시 서원구 내수동로 85 1층 (사창동),602083,871085,,,1178777856,2021-12-01 0:27:09,2021-12-01 0:27:09
4049789,282894153,PLACE,2,"동성한의원 1층, 때떄로 무인샵 운영",슬로슬로,인천 동구 서해대로513번길 9 (창영동),419698,1103620,,,1312013486,2021-12-01 0:25:51,2021-12-01 0:25:51
4049789,282450864,PLACE,4,,냉이,충남 논산시 계백로1062번길 7-2 102호 (취암동),521162,752284,127.0941281,36.20606213,2003561171,2021-11-29 21:26:12,2022-08-19 9:44:56
4049789,282411352,PLACE,2,,게스트지구인,전북 익산시 익산대로22길 8 1층 (남중동),488635,679645,,,267861353,2021-11-29 19:01:20,2021-11-29 19:01:20
4049789,282410019,PLACE,4,경산 최초 제로 웨이스트 가게,북두칠성푸른별,경북 경산시 삼성현로15길 60 1층 (옥산동),889171,650300,128.7226523,35.82610756,775178446,2021-11-29 18:56:12,2022-08-19 9:54:56
4049789,282409820,PLACE,2,현재는 주말에만 운영 중,둥글게둥글게,경기 고양시 덕양구 통일로754번길 12 새서울아파트 상가 2층 3호 (관산동),470670,1163440,,,1296927629,2021-11-29 18:55:32,2021-11-29 18:55:32
4049789,282409466,PLACE,2,수원시 기후변화체험교육관 두드림 내 제로 웨이스트 샵앤샵,가치상점 두드림,경기 수원시 권선구 호매실로 46-38 (탑동),493045,1044067,,,23831636,2021-11-29 18:54:13,2021-11-29 18:54:13
4049789,282409329,PLACE,2,한살림 망포매장 내 제로 웨이스트 샵앤샵,가치상점,경기 수원시 영통구 덕영대로1556번길 16 영통디지털엠파이어 D동 170호 (영통동),513311,1040507,,,2101138913,2021-11-29 18:53:42,2021-11-29 18:53:42
4049789,282408928,PLACE,2,,가치가게,경기 수원시 권선구 세권로 140 B01호 (세류동),504343,1043735,,,1396145743,2021-11-29 18:52:25,2021-11-29 18:52:25
4049789,282408692,PLACE,4,,지구인상점,경기 남양주시 다산동 6256 108호,532394,1146118,127.1467831,37.62553534,707637218,2021-11-29 18:51:31,2022-08-19 9:41:08
4049789,282408625,PLACE,2,,늘보따리,서울 서대문구 연희로4길 24 103호 (창천동),484132,1128208,,,419748693,2021-11-29 18:51:13,2021-11-29 18:51:13
4049789,282408424,PLACE,4,,북촌감성,서울 종로구 계동길 60 지하1층 (계동),497105,1133444,126.9868914,37.5799493,126021638,2021-11-29 18:50:24,2023-11-07 21:12:47
4049789,282408310,PLACE,4,,살림하우스,경기 용인시 기흥구 언동로125번길 16-6 201호 (중동),531358,1051429,127.1414446,37.28427805,647496906,2021-11-29 18:49:56,2022-08-19 9:58:47
4049789,282407818,PLACE,2,,자연에,경북 경산시 서상길 39 (서상동),892234,647479,,,17984483,2021-11-29 18:47:55,2021-11-29 18:47:55
4049789,282407483,PLACE,4,,지구숲,부산 북구 산성로12번길 21 (화명동),958718,488505,129.0157009,35.23836083,1971389342,2021-11-29 18:46:39,2022-08-19 9:57:20
4049789,282406506,PLACE,2,070-7773-2299 화-일 12:00-6:00 @jijigugu.room,지지구구,충북 청주시 상당구 상당로131번길 7-7 (북문로2가),609455,872860,,,905947228,2021-11-29 18:43:25,2021-11-29 18:43:25
4049789,282406179,PLACE,2,,자연공간 숨,인천 서구 원당대로 671 성광빌딩 3층 301호 (마전동),428430,1137457,126.6758408,37.59396943,1082120753,2021-11-29 18:42:12,2024-03-21 14:16:38
4049789,282305396,PLACE,4,,도가게,경기 파주시 송학1길 126-12 1층 (야당동),448133,1170908,126.7646999,37.71473302,875492279,2021-11-29 13:25:20,2022-08-19 9:50:00
4049789,282296582,PLACE,4,,빈칸놀이터,경기 용인시 처인구 금학로 426-4 (마평동),546783,1038438,127.2108903,37.237353,1012408365,2021-11-29 12:58:56,2022-08-19 9:51:48
4049789,280841204,ADDRESS,2,"네이버에서 '다시채움' 검색-정기리필, 방문리필 예약 가능 (방문해주심)",다시채움(이동식 리필카) 010-7252-0786,죽전동 484-9,525315,1063729,,,N33126565,2021-11-25 10:17:38,2021-11-25 10:17:38
4049789,278359802,PLACE,6,카페 겸 제로 웨이스트 샵앤샵,너의 바다,경남 거제시 사등면 성포로 100 (사등면),847707,397785,,,2106331276,2021-11-18 17:43:53,2021-11-18 17:43:53
4049789,278343282,PLACE,2,무포장 가게 새록,스토어36.5 노원점,서울 노원구 동일로 1414 (상계2동),513502,1154269,,,27302775,2021-11-18 17:00:15,2021-11-18 17:00:15
4049789,270416110,ADDRESS,2,서울 노원구 화랑로 464,무포장 가게 새록,공릉동 657-7,517406,1144150,,,N34805189,2021-10-29 16:03:49,2021-10-29 16:03:49
4049789,269851564,PLACE,6,우롱차 가향차를 무게 단위로 알맹이만 파는 카페,알디프,"서울 마포구 와우산로35길 19 지하1층, 1층 (서교동)",484402,1126762,126.9293908,37.5558489,1848072087,2021-10-28 8:59:48,2023-11-07 21:11:44
4049789,265826710,PLACE,7,독립서점 & 제로웨이스트 용품,반달서림,경기 용인시 기흥구 동백4로 22 상가동 2층 201호 (중동),533980,1047913,,,1109138076,2021-10-17 21:36:03,2021-10-17 21:36:03
4049789,265826538,PLACE,2,,슬기로운생활,경기 성남시 분당구 매화로38번길 7 1층 (야탑동),529800,1086574,,,1194499747,2021-10-17 21:35:24,2021-10-17 21:35:24
4049789,265826402,PLACE,2,,초록별상점,경북 구미시 인동가산로 337-7 상가 101호 (구평동),825250,723439,,,1948439905,2021-10-17 21:34:53,2021-10-17 21:34:53
4049789,265826198,PLACE,2,303호,협동조합 아리송,전북 완주군 고산면 남봉로 134 (고산면),546339,688014,,,1346762530,2021-10-17 21:34:08,2021-10-17 21:34:08
4049789,265825500,ADDRESS,2,충청남도 청양군 청양읍 중앙로3길 8 1층,EM생활공방,읍내리 177-7,455590,819794,,,N34034747,2021-10-17 21:32:11,2021-10-17 21:32:11
4049789,265825286,PLACE,2,공방 & 제로웨이스트 용품,사각사각,전북 익산시 익산대로22길 8 도움빌딩 4층 (남중동),488630,679651,,,1647508141,2021-10-17 21:31:23,2021-10-28 9:00:30
4049789,265824681,PLACE,6,카페 & 제로웨이스트 용품,즐거운반딧불이,서울 은평구 은평로21길 32 (녹번동),484755,1139735,,,21572187,2021-10-17 21:28:59,2021-10-17 21:28:59
4049789,265824512,ADDRESS,2,전라남도 목포시 영산로75번길 12 4층 스몰액션,스몰액션 @_small_action_,명륜동 15,359188,359973,,,N34630539,2021-10-17 21:28:17,2021-10-17 21:28:17
4049789,265823819,PLACE,7,동네책방 & 제로웨이스트 용품,동네책방숨,광주 광산구 수완로74번길 11-8 1층 (수완동),461330,471050,126.8301608,35.19209894,17344033,2021-10-17 21:25:40,2022-08-19 9:50:23
4049789,265823525,PLACE,2,,하루한알,경남 창원시 성산구 원이대로579번길 13 용지아이파크 상가 1층 108호 (용호동),881984,484565,,,866691604,2021-10-17 21:24:33,2021-10-17 21:24:33
4049789,265822423,PLACE,2,,그리니,경기 수원시 장안구 서부로2126번길 38-18 101호 (율전동),493974,1055102,,,1657989867,2021-10-17 21:20:06,2021-10-17 21:20:06
4049789,265822227,PLACE,4,,연근상점,인천 부평구 길주로595번길 7-6 1층 (갈산동),439969,1113485,126.728417,37.50770563,475544886,2021-10-17 21:19:21,2022-08-19 10:02:28
4049789,265822094,PLACE,4,"공방, 제로웨이스트 가게, 워크숍",꽃피는삼월에 마스쿨루,서울 동대문구 답십리로30길 22-1 1층 (전농동),510669,1131866,127.04831,37.57425306,1075388509,2021-10-17 21:18:54,2022-08-19 10:01:18
4049789,265821922,PLACE,4,카페. 제로웨이스트샵. 세제리필. 취미공간,슈가 진주초전점 @chouxga7612585,경남 진주시 초전남로 35 1층 (초전동),753573,474470,128.1137734,35.19942612,2070143809,2021-10-17 21:18:14,2022-08-19 9:51:14
4049789,265821029,PLACE,2,"환경교육, 자원순환, 제로 웨이스트 가게",문의하실래요,충북 청주시 상당구 문의면 문의시내1길 14-38 (문의면),611093,839272,,,1472738228,2021-10-17 21:14:52,2021-10-17 21:14:52
4049789,262107890,PLACE,2,을지로 제로웨이스트 숍,제로띵스,서울 중구 수표로 32-1 근희빌딩 3층 (저동2가),497860,1129015,,,621549477,2021-10-08 9:19:52,2021-10-08 9:19:52
4049789,246884891,ADDRESS,2,인천 미추홀구 학익동 195-14,제자리로 (제로웨이스트 쇼룸),햇골길 51,425241,1094194,,,J212294149,2021-08-29 22:00:29,2021-08-29 22:00:29
4049789,246875678,PLACE,6,"농산물, 세제 리필 무포장!",올바른농민상회,제주특별자치도 제주시 애월읍 일주서로 6585 (애월읍),350465,-6740,,,1378255978,2021-08-29 21:22:52,2022-08-19 10:21:21
4049789,244396729,PLACE,2,인스타 @4_ourth,4OuRTH,광주 남구 봉선로186번길 6 (봉선동),480679,451707,,,518870716,2021-08-23 0:37:53,2021-08-23 0:37:53
4049789,244395944,ADDRESS,2,강원 춘천시 춘천순환로 46 201호,어거스트,석사동 130-85,664796,1210455,,,N360009205,2021-08-23 0:34:40,2023-06-22 16:52:05
4049789,244395178,PLACE,2,1층 105호 갤러리딤 제로웨이스트 샵앤샵,하우스디비즈,서울 영등포구 선유로3길 10 (문래동5가),474995,1115764,,,27583767,2021-08-23 0:31:29,2021-08-23 0:31:29
4049789,244394443,PLACE,2,생협 내 제로 웨이스트 물품 판매,행복중심생협 공릉매장,서울 노원구 공릉로34길 23 (공릉동),517730,1145383,,,26304834,2021-08-23 0:28:19,2021-08-23 0:28:19
4049789,244394039,PLACE,4,,네모상점,부산 연제구 신금로 25 2층 227호 (연산동),976898,475903,129.0943738,35.19159944,1603194910,2021-08-23 0:26:34,2022-08-19 10:01:41
4049789,244392928,PLACE,2,공덕 제로웨이스트 가게,리틀베러,서울 마포구 백범로31길 8 공덕SK리더스뷰 2동 1층 117호 (공덕동),488811,1123745,,,976670617,2021-08-23 0:22:02,2021-08-23 0:22:02
4049789,244392609,PLACE,2,제로웨이스트 물품 및 차 소분판매,더소가카페 달맞이점,"부산 해운대구 달맞이길117번가길 107-24 1, 2층 (중동)",996387,467027,129.179055,35.15811076,391490369,2021-08-23 0:20:31,2024-09-08 11:49:21
4049789,244391366,PLACE,2,인천YWCA 제로웨이스트 물품 작은 가게,인천YWCA,인천 남동구 정각로 8 (구월동),434251,1098866,,,9924388,2021-08-23 0:15:15,2021-08-23 0:15:15
4049789,244391113,ADDRESS,2,서울시 강동구 상암로10 (암사동 지선빌딩 201호) ◇문의 010-9948-0716,대안생활 공기,암사동 510-20,527601,1125457,,,N33239143,2021-08-23 0:14:15,2021-08-23 0:14:15
4049789,244390200,PLACE,2,되살림 가게 내 제로 웨이스트 물품 판매 샵앤샵,되살림사회적협동조합,서울 노원구 상계로10길 33 (상계동),515015,1154570,,,985948183,2021-08-23 0:10:39,2021-08-23 0:10:39
4049789,244389897,ADDRESS,2,그루밍 아동복 내에 제로 웨이스트 물품 판매 샵앤샵,경북 구미시 문화로 46-1,원평동 315-3,800685,732665,,,N29698060,2021-08-23 0:09:21,2021-08-23 0:09:21
4049789,244388913,PLACE,2,아름다운가게 샵앤샵 스몰액션팀 - 제로웨이스트 가게,아름다운가게 목포원도심점,전남 목포시 호남로68번길 36 보해상가1층 (대안동),359282,360150,,,9321682,2021-08-23 0:05:21,2021-08-23 0:05:21
4049789,244387953,PLACE,2,마을카페 내 제로웨이스트 물품 판매 샵앤샵,마실,경기 안산시 상록구 성호로6길 23-1 1층 (일동),469760,1060150,,,27543628,2021-08-23 0:01:28,2021-08-23 0:01:28
4049789,244386951,PLACE,6,"카페 내 제로웨이스트 제품 판매, 일회용품 덜 쓰는 카페 지향",보나커피집,강원 춘천시 교동길 18 1층 (교동),661848,1217427,,,1639152777,2021-08-22 23:58:48,2022-08-19 10:21:39
4049789,241691881,PLACE,6,영화관 내 다회용기 시범사업 중 (2021~),롯데시네마 건대입구,서울 광진구 아차산로 272 스타시티 2층 (자양동),516112,1121979,,,21304567,2021-08-15 13:21:22,2022-08-19 10:21:00
4049789,241691790,PLACE,6,영화관 내 다회용기 시범사업 중 (2021~),CGV 등촌,서울 강서구 공항대로45길 63 3~9층 (등촌동),468190,1127340,126.8559936,37.5578635,1509815784,2021-08-15 13:21:07,2022-08-19 9:37:06
4049789,240855227,PLACE,2,"지하1층 일부: 화장품 리필, 엘지생활건강 빌려쓰는지구죽전점",이마트 죽전점,경기 용인시 수지구 포은대로 552 (죽전동),524359,1062815,,,21487158,2021-08-13 0:22:59,2021-08-13 0:22:59
4049789,240854456,PLACE,2,아모레 바디케어류 화장품 리필스테이션,아모레스토어 광교점,경기 수원시 영통구 광교호수공원로 80 앨리웨이광교 134~137호 (원천동),513460,1048821,,,7516648,2021-08-13 0:19:38,2021-10-28 9:00:53
4049789,240852941,PLACE,6,일회용품 없는 카페,보틀라운지,서울 서대문구 홍연길 26 1층 (연희동),484207,1132123,,,1480755504,2021-08-13 0:14:59,2021-08-13 0:14:59
4049789,240852820,PLACE,2,"지하는 리필스테이션, 1층은 일회용 없는 카페",보틀팩토리,서울 서대문구 홍연길 26 지하 1층 (연희동),484207,1132123,,,1708792592,2021-08-13 0:14:28,2021-08-13 0:14:28
4049789,235706047,PLACE,2,매주 목요일 로컬푸드 무포장 판매,광명YMCA등대생협 하안점,경기 광명시 하안로288번길 12 하안12단지아파트 상가동 105호 (하안동),474098,1100624,,,16579409,2021-07-29 21:11:43,2021-07-29 21:11:43
4049789,234663682,PLACE,2,,북극곰,경기 남양주시 늘을2로14번길 12 3층 301호 (평내동),554104,1153949,,,838480686,2021-07-27 2:13:47,2021-07-27 2:13:47
4049789,233191613,PLACE,2,,제로웨이스트샵 안녕상점,서울 도봉구 도봉로143길 18 2층 (방학동),509085,1156183,,,1378264924,2021-07-22 16:06:05,2021-07-22 16:06:05
4049789,228822922,PLACE,6,제로웨이스트 지향 카페: 친환경 인증 원두와 생분해용기,그린그루브 4호점,경북 경산시 삼풍로 27 경북테크노파크 본부동 1층 (삼풍동),896875,649590,,,523490439,2021-07-10 13:02:23,2021-07-10 13:02:23
4049789,228822596,PLACE,2,핸드메이드 봉제소품 및 제로웨이스트 아이템,실가람,대구 북구 산격로 90-1 (산격동),862693,669839,,,723915158,2021-07-10 13:01:13,2021-07-10 13:01:13
4049789,228414785,PLACE,4,,알맹상점 리스테이션,서울 중구 한강대로 405 4층 (봉래동2가),493455,1126746,126.9703711,37.55580683,319864914,2021-07-09 9:38:32,2024-08-08 9:38:27
4049789,227720532,PLACE,7,제로웨이스트 공간 대여,플래닛키퍼스제로웨이스트스토어,서울 강남구 언주로30길 13 대림 아크로빌 C동 23층 2314호 (도곡동),511203,1107973,,,1359498991,2021-07-07 12:30:29,2022-08-19 10:20:38
4049789,227717825,PLACE,2,부산 제로웨이스트 가게,심플리파이,부산 수영구 남천동로16번길 5 1층 (남천동),980808,462300,129.1102678,35.14228997,1609158896,2021-07-07 12:21:55,2024-09-08 11:46:37
4049789,227563912,PLACE,6,플라스틱 프리 무포장 꽃집,플라워에이블 @i_am_flowerable,서울 강남구 테헤란로52길 6 테헤란오피스빌딩 8층 803호 (역삼동),510415,1112153,127.0471163,37.50320969,1581080050,2021-07-07 1:32:00,2023-12-31 17:33:07
4049789,227563474,PLACE,2,"지속가능한 제품 편집샵, 종이팩 수거 밀크로드 @hello_uikstore",유익한상점,전남 순천시 역전길 77 (조곡동),613693,403589,,,1509280135,2021-07-07 1:29:03,2021-07-07 1:29:03
4049789,227562382,ADDRESS,2,광명시 일직동512-1 유스트리트몰 A동 106호 @eco__palette,에코팔레트,,474156,1088651,,,J227561288,2021-07-07 1:24:47,2021-07-07 1:24:47
4049789,227561652,PLACE,2,제로웨이스트 숍 @a.side.of.the.earth,은성프라자 2층 지구한켠 (도담마을),경기 용인시 수지구 푸른솔로 81 (죽전동),526248,1062962,,,27543528,2021-07-07 1:19:41,2021-07-07 1:19:41
4049789,227561384,ADDRESS,2,충남 천안시 동남구 청수10길 46 @pureun_byul,푸른별 상점,삼룡동 480,536689,912253,,,N41056762,2021-07-07 1:17:58,2021-07-07 1:20:21
4049789,217403147,PLACE,4,제로웨이스트 가게,초록숲상점,경기 평택시 용죽6길 22 101호 (용이동),528575,970733,127.1283991,36.99344496,1655855374,2021-06-10 1:15:53,2022-08-19 9:46:39
4049789,217403004,PLACE,2,우리동네 제로웨이스트 숍,용기내 담아가게,경기 남양주시 와부읍 덕소로97번길 9 1층 109호 (와부읍),547095,1135218,,,1764353221,2021-06-10 1:14:57,2021-06-10 1:14:57
4049789,217402861,PLACE,2,"제로웨이스트 용품 판매, 공구 대여 공유",공간1616,서울 영등포구 당산로16길 16 1층 (당산동1가),477390,1117500,,,1507948322,2021-06-10 1:13:57,2021-06-10 1:13:57
4049789,217402795,PLACE,2,노플맘의 제로웨이스트 용품 판매하는 카페 안 가게,데일리로스팅(노플맘),서울 금천구 독산로 312 1층 (독산동),478675,1104203,,,2025753273,2021-06-10 1:13:29,2021-06-10 1:13:29
4049789,215245748,PLACE,2,아모레퍼시픽 화장품 리필스테이션,이마트 자양점,서울 광진구 아차산로 272 더샵스타시티 지하1층 (자양동),516217,1121925,,,19566620,2021-06-04 0:00:24,2021-06-04 0:00:24
4049789,215245561,PLACE,2,에코스토어 세탁세제/섬유유연제 리필,신세계백화점 강남점,서울 서초구 신반포로 176 (반포동),500955,1112732,127.0043203,37.50530573,22386977,2021-06-03 23:59:25,2024-02-29 9:08:44
4049789,215245515,PLACE,2,에코스토어 세탁세제/섬유유연제 리필,신세계백화점 본점,서울 중구 소공로 63 (충무로1가),495823,1128172,,,7969138,2021-06-03 23:59:13,2021-06-03 23:59:13
4049789,215245423,PLACE,2,에코스토어 세탁세제/섬유유연제 리필,더현대서울,서울 영등포구 여의대로 108 (여의도동),484189,1118446,,,1662602781,2021-06-03 23:58:47,2021-06-03 23:58:47
4049789,212697378,PLACE,2,세제리필샵,GS25 건국점,서울 광진구 광나루로24길 14 (화양동),516845,1123937,,,17056365,2021-05-27 20:32:59,2021-05-27 20:32:59
4049789,212696967,PLACE,2,세제리필샵,올가 방이점,서울 송파구 양재대로71길 4 (방이동),527925,1114172,,,11943799,2021-05-27 20:31:34,2021-05-27 20:31:34
4049789,212696197,PLACE,2,세제리필,곰이랑놀궁리,경북 봉화군 봉화읍 교촌길 44 (봉화읍),886953,944653,,,1408835935,2021-05-27 20:28:29,2021-05-27 20:28:29
4049789,212695430,PLACE,2,"리필스테이션, 세제 리필",게으른날,인천 중구 영종대로 166 (운서동),388811,1109634,,,2099145585,2021-05-27 20:24:51,2021-05-27 20:24:51
4049789,212694653,PLACE,2,세제 리필스테이션,춘천아이쿱생협 석사점,강원 춘천시 퇴계농공로 19 (석사동),663874,1209415,,,17353247,2021-05-27 20:21:10,2021-05-27 20:21:10
4049789,212694567,PLACE,2,성북구 리필스테이션 제로웨이스트 숍,순환지구,서울 성북구 동소문로25길 8 1층 (동선동4가),504105,1137571,,,1133896366,2021-05-27 20:20:44,2021-05-27 20:20:44
4049789,211651668,PLACE,2,세제 비누 등 세제류(꽃마리 제품) 리필,꽃마리리필스토어,제주특별자치도 제주시 인다11길 29 1층 (아라일동),395595,-5200,,,126905780,2021-05-24 23:11:24,2021-05-24 23:11:24
4049789,211635732,PLACE,2,남양주시 덕송로  위스테이 아파트상가 @cooperation_market,협동상회,경기 남양주시 덕송3로 27 (별내동),524708,1158181,,,200960202,2021-05-24 22:22:59,2021-05-24 22:22:59
4049789,209263390,PLACE,2,매월 18일 7가지 식재료 무포장으로 판매,전주푸드직매장 송천점,전북 전주시 덕진구 천마산로 130 (송천동1가),530587,657619,,,27298713,2021-05-18 8:11:05,2021-05-18 8:11:05
4049789,208617548,PLACE,7,"재활용품 20여개로 분리, 종량제 봉투와 현금으로 지급함",성남 자원순환가게 신흥이re100,경기 성남시 수정구 신흥동 98,531805,1096925,,,1163774726,2021-05-16 12:14:13,2022-08-19 10:21:57
4049789,208614096,ADDRESS,7,"건전지, 종이팩을 가져오면 건건지와 종량제봉투 지급",리사이클링 마켓: 서울 노원구 상계동 452-1,,514797,1157196,,,J136584002,2021-05-16 12:01:10,2022-08-19 10:22:18
4049789,207974346,PLACE,2,독립서점 내 제로웨이스트 용품 판매,지구별서점소목포,전남 목포시 수문로 63 (남교동),358078,361045,,,2009099808,2021-05-14 8:59:40,2021-05-14 8:59:40
4049789,207280127,PLACE,2,"환경캠페인, 공방, 제로 웨이스트 가게",지구인의놀이터 @earthy_play,경기 수원시 팔달구 신풍로23번길 4 1층 (신풍동),503205,1051139,,,2032046982,2021-05-12 9:12:08,2021-05-12 9:12:08
4049789,207278871,PLACE,2,아로마티카 화장품 리필 및 제로웨이스트 용품 판매,아로마티카 제로스테이션,서울 강남구 강남대로162길 41-4 1층 (신사동),504799,1117163,127.0217182,37.52127321,1529248639,2021-05-12 9:08:44,2024-02-29 9:08:38
4049789,207276879,PLACE,2,에코n양생 실험실 파지사유 내 제로웨이스트 가게,용기내가게,경기 용인시 수지구 수풍로131번길 8 (동천동),520541,1065652,,,2141122067,2021-05-12 9:03:22,2021-05-12 9:03:22
4049789,207267918,PLACE,2,"제로웨이스트 숍, 환경캠페인",1.5도씨 @1.5_do_c,서울 관악구 조원로18길 15 (신림동),480686,1106716,,,687503977,2021-05-12 8:40:00,2021-05-12 8:40:00
4049789,207266434,PLACE,7,"무포장 책방, 환경영화상영, 캠페인, 모임 등",모모책방,경기 화성시 봉담읍 오래3길 7 1층 (봉담읍),489863,1033700,,,343699424,2021-05-12 8:36:29,2022-08-19 10:22:45
4049789,207265503,PLACE,2,제로 웨이스트 숍,단정,대구 남구 자유6길 11-12 1층 (대명동),857950,652603,,,156033438,2021-05-12 8:34:13,2021-05-12 8:34:13
4049789,207261386,PLACE,2,"곡물 및 세제 리필 가능, 제로 웨이스트 가게",올바른상점,경기 화성시 10용사로 563 (반송동),516004,1024940,,,1258839037,2021-05-12 8:23:26,2021-05-12 8:23:26
4049789,207259009,PLACE,4,제로웨이스트 가게,지구살림터,서울 양천구 목동중앙북로16길 41 101호 (목동),472160,1123572,126.8739889,37.54430604,935562473,2021-05-12 8:17:15,2023-11-07 21:12:27
4049789,207257809,PLACE,2,"지구살림점에 제로 웨이스트 용품, 재활용 제품 입점",아름다운가게 송파가락점,서울 송파구 중대로 127 1층 109호 (가락동),526995,1109780,127.1221054,37.49460183,1343721448,2021-05-12 8:14:34,2023-11-07 21:15:26
4049789,202418571,PLACE,2,"꽃집 안 제로웨이스트 샵앤샵, 인스타 @the_dal_flower",달플라워,경기 수원시 영통구 효원로358번길 7-2 101호 (매탄동),508986,1044360,,,1189481532,2021-04-28 1:56:00,2021-04-28 1:56:00
4049789,199936267,PLACE,2,https://linktr.ee/1.5_do_c,일점오도씨,서울 관악구 조원로18길 15 1층 (신림동),480685,1106713,,,884876332,2021-04-20 10:33:33,2021-04-20 10:35:06
4049789,199063332,PLACE,2,"업사이클 마켓, 오래된 물건의 새로운 발견",마켓발견,경기 의왕시 백운로 587-1 1층 (포일동),499342,1080102,,,78639841,2021-04-17 12:10:10,2021-04-17 12:10:10
4049789,199062494,PLACE,4,"화수목토2~7시, 바느질공방 겸 제로웨이스트 가게, 인스타 @soopeul_",숲을공방,경북 경주시 화랑로107번길 10 1층 (동부동),999795,657890,129.2127939,35.8454364,628693778,2021-04-17 12:07:09,2022-08-19 9:51:26
4049789,198856356,ADDRESS,2,"레드스톤 운영, 인스타 @plaafree",서울 동작구 동작대로 157-4 플라프리,사당동 79-29,496061,1108660,,,N31256625,2021-04-16 18:40:35,2021-04-17 12:11:49
4049789,196315872,PLACE,7,제로웨이스트 민박 운영 / 리필 등 플라스틱 프리 물품 판매,소로소로,제주 제주시 구좌읍 송당7길 3 (구좌읍 송당리),450414,-6180,,,22219496,2021-04-08 21:14:03,2022-08-19 10:22:58
4049789,196315493,PLACE,7,"제로웨이스트 민박, 세제 리필",모악산의아침,전북 전주시 완산구 중인2길 25-48 (중인동),520260,630188,,,1316447384,2021-04-08 21:12:17,2022-08-19 10:24:12
4049789,195678733,PLACE,2,인스타@m1d.zerowaste,조용한흥분색,전북 군산시 풍문2길 5-2,436036,689190,,,1577665780,2021-04-07 0:14:15,2021-04-07 0:16:16
4049789,195535668,PLACE,2,"중랑구 최초 제로웨이스트 가게, 인스타@botemstore0226",보탬상점,서울 중랑구 봉화산로22길 2 1층 (중화동),518045,1139430,,,225634945,2021-04-06 15:05:34,2021-04-06 15:05:34
4049789,194838530,ADDRESS,4,화목금 11~5 수 12~8 토일 12~5시 오픈 @all.bareun.shop,All바른샵 (동탄제로웨이스트숍) 리츠스퀘어 113호,반송동 190-2,516004,1024940,127.0720974,37.18886935,N38466768,2021-04-04 13:21:47,2022-08-19 9:36:15
4049789,194113722,PLACE,2,경기상상캠퍼스 생활1980 손살이공방1 /@jaejaestore_zerowaste,재재상점,경기 수원시 권선구 서둔로 166 (서둔동),496135,1046290,126.9825729,37.26583948,1053858169,2021-04-01 23:36:17,2023-11-25 22:48:15
4049789,194111116,PLACE,2,바디워시 샴푸 등 세정류 화장품 리필 가능(지정된 알루미늄 병에만 리필 가능),더바디샵 강남대로점,"서울 서초구 강남대로 449 1,2층 (서초동)",505541,1111933,,,1878496170,2021-04-01 23:24:57,2021-04-01 23:24:57
4049789,194111048,PLACE,2,취향에 맞춘 향수를 직접 만들고 리필할 수 있습니다. (지정 용기에 한해 재사용 가능),르라보 가로수길점,서울 강남구 압구정로10길 28 1층 (신사동),504842,1117302,127.0219118,37.52177413,46412680,2021-04-01 23:24:38,2024-02-29 9:08:36
4049789,194110930,PLACE,2,동선동 주민센터 2층에 위치 / 세제 리필,동선나눔점방,서울 성북구 동소문로26길 27 (동선동3가),504508,1137340,,,7838823,2021-04-01 23:24:08,2021-04-01 23:24:08
4049789,194110781,PLACE,2,책방 한 켠에 제로웨이스트 물건 입점,코뿔소책방,경기 김포시 김포한강11로438번길 123 상가동 109호 (운양동),432827,1153399,,,163222874,2021-04-01 23:23:24,2021-04-01 23:23:24
4049789,194110659,PLACE,2,세제 리필,풀무학교 생협,충남 홍성군 홍동면 광금남로 658-8 (홍동면),429540,849876,,,21303400,2021-04-01 23:22:49,2021-04-01 23:22:49
4049789,194110579,PLACE,2,책방 및 세제 리필,마그앤그래,경기 수원시 권선구 세권로316번길 49 현대아파트상가 2층 (권선동),508240,1041843,,,894167221,2021-04-01 23:22:27,2021-04-01 23:22:27
4049789,194110389,PLACE,2,세제 및 식품 리필,율소리에,전북 완주군 고산면 남봉로 134 (고산면),546344,688036,,,1461048291,2021-04-01 23:21:35,2021-04-01 23:21:35
4049789,194110131,PLACE,2,세제 리필 http://mothercenter.net/,춘천여성협동조합 마더센터,강원 춘천시 백령로 214 (후평동),664895,1216736,,,346387919,2021-04-01 23:20:24,2021-04-01 23:21:05
4049789,194109884,PLACE,4,"제로웨이스트 교육, 공방, 가게",내일상회,강원 강릉시 용지로96번길 25-1 (포남동),920241,1187861,128.9075569,37.76062271,2061889781,2021-04-01 23:19:21,2022-08-19 9:53:13
4049789,194109265,PLACE,6,"제로웨이스트에 관심을 두며 운영하고 있는 스콘집, 우유팩 수거",브릿지엣지,서울 동작구 상도로53길 70 상도에스에이치빌 상가 311호 (상도동),489852,1111993,,,733127223,2021-04-01 23:16:39,2021-04-01 23:16:39
4049789,194109185,PLACE,6,개인 용기로만 테이크아웃 가능,사직동그가게,서울 종로구 사직로9길 18 (사직동),492887,1132648,126.967794,37.57707957,14095755,2021-04-01 23:16:15,2022-05-10 19:24:27
4049789,194108876,PLACE,6,비건 베이커리 내 용기 사용,포포브레드,서울 마포구 동교로18길 13 세원빌딩 1층 (서교동),481691,1126406,126.9171174,37.554557,363670536,2021-04-01 23:14:56,2023-11-07 21:11:40
4049789,194108750,PLACE,6,"비건베이커리, 내 용기에 케이크까지 모든 빵 구매 가능",앞으로의 빵집,서울 종로구 삼일대로32가길 29-1 (익선동),497650,1131988,,,116934751,2021-04-01 23:14:24,2021-04-01 23:14:24
4049789,194108673,PLACE,6,견과류 리필스테이션,페이퍼넛츠,서울 서대문구 거북골로24길 37-8 1층 (북가좌동),479725,1133816,,,627728263,2021-04-01 23:13:59,2021-10-29 16:07:27
4049789,194108572,PLACE,6,무포장 빵이 많음,본조르노베이커리,제주특별자치도 제주시 다랑곶4길 68 (노형동),378369,-383,,,1711901408,2021-04-01 23:13:36,2021-04-01 23:13:36
4049789,194108426,PLACE,6,"비건 음식과 디저트류 판매, 텀블러 대여, 일회용품X",달냥,서울 은평구 통일로 684 서울혁신파크 상상청 1층 (녹번동),485701,1141431,,,1657655162,2021-04-01 23:12:51,2021-04-01 23:12:51
4049789,194108172,PLACE,6,무포장 빵 판매 및 자기 용기 픽업 가능,포레스테이블,전남 광양시 자작길 39 1층 (마동),658638,405510,,,110588463,2021-04-01 23:11:46,2021-04-01 23:11:46
4049789,194107942,PLACE,6,무포장 빵 진열 및 자기 용기 구매 가능,쿠아레비 구산점,서울 은평구 서오릉로 149 세웅그룹빌딩 1층 (구산동),481505,1142232,,,1251835148,2021-04-01 23:10:45,2021-04-01 23:10:45
4049789,194107861,PLACE,6,카페 한켠에 제로 웨이스트 물품 샵앤샵 운영,카페오두막,경기 안양시 동안구 평촌대로127번길 40 1층 (호계동),490648,1078718,,,108387210,2021-04-01 23:10:18,2021-04-01 23:10:18
4049789,194107747,PLACE,6,"밀가루 리필 가능, 제로웨이스트 빵집",빵과장미,광주 광산구 상도산길 54 (도산동),453105,455255,,,1889434574,2021-04-01 23:09:48,2021-04-01 23:09:48
4049789,194107479,PLACE,6,자기 용기에 케이크 담아주는 카페,얼스어스 서촌점,서울 종로구 자하문로28가길 1 (청운동),493647,1134940,126.9712312,37.58533806,1368668927,2021-04-01 23:08:30,2023-11-07 21:12:48
4049789,194107455,PLACE,6,자기 용기에 케이크 담아주는 카페,얼스어스,서울 마포구 성미산로 150 (연남동),483049,1129059,,,111850276,2021-04-01 23:08:24,2021-04-01 23:08:24
4049789,194107354,PLACE,6,"자기 용기에 메뉴를 포장해주시고, 무려 2,000원을 할인해주는 레스토랑&카페",레트로카페33,경기 용인시 기흥구 흥덕2로65번길 16-8 102호 (영덕동),516068,1048469,,,24984567,2021-04-01 23:07:51,2021-04-01 23:07:51
4049789,194106793,PLACE,6,카페 겸 제로웨이스트 쇼룸,자양분,대전 동구 동대전로 159 1층 (자양동),600296,788585,,,1712435411,2021-04-01 23:06:07,2021-04-01 23:06:07
4049789,194106379,PLACE,6,비건 카페 겸용,더 커먼,대구 중구 국채보상로 741 (동인동4가),863914,661673,,,1931586964,2021-04-01 23:04:15,2021-04-01 23:06:29
4049789,194105361,PLACE,2,"제로웨이스트 책, 제품, 생활용품, 세제 리필 판매",무해공간,경기 성남시 중원구 원터로105번길 5-1 1층 (성남동),531414,1093455,,,1125460134,2021-04-01 22:59:18,2021-04-01 22:59:18
4049789,194104621,PLACE,2,비누공방 겸 제로웨이스트 숍 / 인스타 @simple_soyo,심플소요,경기 용인시 기흥구 구갈로28번길 21-13 한양아파트 상가 3층 (구갈동),525159,1049850,,,271125574,2021-04-01 22:56:02,2021-04-01 22:56:02
4049789,194104472,ADDRESS,2,부산 기장군 일광면 이천6길 2 / 인스타@ssuk_zerowaste,제로웨이스트 쑥,이천리 777-2,1008428,497670,,,N44633604,2021-04-01 22:55:21,2021-04-01 22:55:21
4049789,194104133,PLACE,6,식품 리필숍,농부애곳간,경남 산청군 신안면 원지로 22-14 1층 (신안면),721685,502543,,,433221317,2021-04-01 22:54:03,2021-10-29 16:07:36
4049789,194104030,PLACE,4,동네책방 & 제로웨이스트숍 /인스타 @ridinn.book,낯설여관 204호,경기 수원시 장안구 영화로71번길 33 2층 (정자동),501135,1053575,127.0051201,37.29209696,2079499093,2021-04-01 22:53:36,2022-08-19 9:43:30
4049789,194102814,PLACE,2,인스타 @o.neul.shop,오늘가게,경남 김해시 우암로85번길 36-1 1층 (내동),923063,487580,,,513298001,2021-04-01 22:48:50,2021-04-01 22:48:50
4049789,194102670,PLACE,2,인스타 @gacistore,가치상점,경기 수원시 권선구 세권로 140 지하1층 (세류동),504343,1043735,,,1683306386,2021-04-01 22:48:26,2021-04-01 22:48:26
4049789,194102579,PLACE,4,공정무역 제품 입점 / 인스타 @jigumalgeu._.m,지구맑음,울산 남구 삼산중로74번길 30 (삼산동),1030223,573938,129.3385635,35.54047751,746166808,2021-04-01 22:48:03,2022-08-19 9:46:19
4049789,194102231,PLACE,2,제로웨이스트 키친샵,선선한주방,전남 나주시 금남길 50 (서내동),434908,426905,,,1776578163,2021-04-01 22:46:36,2021-04-01 22:46:47
4049789,194100785,PLACE,2,,지구수호대 착한상점,인천 서구 청라에메랄드로 99 지젤엠 지하1층 B동 87호 (청라동),423929,1120725,,,1134469561,2021-04-01 22:43:15,2021-04-01 22:43:15
4049789,194100562,PLACE,2,"세제, 화장품 리필",덕분애,서울 서초구 서초대로 389 진흥상가 2층 209호 (서초동),505232,1110451,,,296815833,2021-04-01 22:42:05,2021-04-01 22:42:05
4049789,194100022,PLACE,6,보이차 전문 티룸 겸용 제로웨이스트 숍,동네마당 배움,충북 청주시 흥덕구 비하로57번길 38-8 (비하동),594535,870708,,,73049410,2021-04-01 22:39:28,2021-10-29 16:07:52
4049789,194099872,PLACE,2,인스타 taller_selva,타예르셀바,대구 달서구 월배로 80 진천대성스카이렉스 1층 (진천동),844317,646085,,,1784620170,2021-04-01 22:38:48,2021-04-01 22:38:48
4049789,194099149,PLACE,6,한우고깃집이나 채소에 한해 제로웨이스트로 포장재 없이 판매,파파스컷,강원 춘천시 동내면 춘천순환로 61-15 1층 (동내면),665308,1210797,,,326435449,2021-04-01 22:36:03,2021-10-29 16:07:58
4049789,194099029,PLACE,2,인스타 handmadelife79,핸드메이드라이프,제주특별자치도 서귀포시 대정읍 상모로 256 (대정읍),327925,-74129,,,1850696319,2021-04-01 22:35:37,2021-04-01 22:35:37
4049789,194098687,PLACE,2,화장품 리필 인스타@Natural_factory2015,천연제작소,부산 동래구 석사로 26 1층 (사직동),969635,477832,129.0626715,35.19909711,1797083669,2021-04-01 22:34:15,2024-09-08 11:49:36
4049789,194098619,PLACE,6,곡물류 한정 제로웨이스트 매장,협동조합농부장터,대구 북구 학정로 137 (태전동),849950,675813,,,27489263,2021-04-01 22:33:54,2021-10-29 16:08:05
4049789,194098326,PLACE,6,자기 용기에 담아가는 로컬 푸드 직매장,한살림 제주담을매장,제주특별자치도 제주시 월광로 12 2층 (노형동),375429,-2716,,,972949833,2021-04-01 22:32:52,2021-10-29 16:08:13
4049789,194097729,PLACE,2,인스타 wasteupso_thezerowasteshop,웨이스트업소,서울 서초구 방배로 189 4층 (방배동),498161,1108566,,,746552721,2021-04-01 22:30:06,2021-04-01 22:31:16
4049789,194097586,PLACE,2,세차장에서 시작된 자동차 케미컬 소분샵,워시존 파주운정점,경기 파주시 오도로 54 1층 (오도동),438999,1179481,,,1276911496,2021-04-01 22:29:42,2021-04-01 22:29:42
4049789,194096855,PLACE,2,soap sudio(비누공방) / Refill station(리필스테이션),마리앤하우스,경남 창원시 마산합포구 3.15대로 53-1 (월남동3가),855286,471739,,,1490894768,2021-04-01 22:26:28,2021-04-01 22:26:28
4049789,194096658,PLACE,2,●인스타그램: dong.grami.refillery ●카카오채널 ID: donggrami,동그라미리필러리,"경기 성남시 분당구 판교로33번길 9 1층, 101-1호 (운중동)",518660,1080833,,,758597282,2021-04-01 22:25:43,2021-04-01 22:25:43
4049789,194096487,PLACE,2,인스타그램 @nadanarae @dalpyshop,달팽이가게,전남 담양군 수북면 삼인동길 175-1 (수북면),479907,500479,,,1376582026,2021-04-01 22:24:57,2021-04-01 22:24:57
4049789,194096399,PLACE,2,http://www.instagram.com/myisland_official,마이아일랜드,제주특별자치도 서귀포시 호근로112번길 24 (호근동),390105,-64968,,,1039689227,2021-04-01 22:24:32,2021-04-01 22:24:32
4049789,194096286,PLACE,2,"유기농 면생리대, 패브릭 소락도 제조해요.",지구별가게 서호점,제주특별자치도 서귀포시 서호로 7-22 (서호동),388769,-66246,,,1644487303,2021-04-01 22:24:07,2021-04-01 22:24:07
4049789,194096244,PLACE,2,"유기농 면생리대, 패브릭 소락도 제조해요.",지구별가게,제주 제주시 월랑로 58 1층 (노형동),377987,-611,126.47484,33.49032935,322286925,2021-04-01 22:23:59,2023-06-02 19:22:32
4049789,194094168,PLACE,2,지구를 위한 낭비없는 가게,지구샵,서울 동작구 성대로1길 16 1층 (상도동),485383,1111498,,,139053180,2021-04-01 22:16:38,2021-04-01 22:16:38
